{
    "data": [{
        "airline": {
            "aName": "AirAsia",
            "aLogo": "QmRTjhezoUUPhZk8vkK865fy3jFerpNcuQ2rAgCS3DvtMT"
        },
        "tickets": [{
            "tFrom": "Bangkok",
            "tTo": "Hong Kong",
            "tPrice": 0.3,
            "tQuantity": 150,
            "tDeparture": "2021-12-04 18:00",
            "tArrival": "2021-12-04 21:30"
        }, {
            "tFrom": "Hong Kong",
            "tTo": "Bangkok",
            "tPrice": 0.4,
            "tQuantity": 150,
            "tDeparture": "2021-12-04 12:30",
            "tArrival": "2021-12-04 16:00"
        }, {
            "tFrom": "Bangkok",
            "tTo": "Singapore",
            "tPrice": 0.1,
            "tQuantity": 100,
            "tDeparture": "2021-12-04 17:00",
            "tArrival": "2021-12-04 19:00"
        }, {
            "tFrom": "Singapore",
            "tTo": "Bangkok",
            "tPrice": 0.11,
            "tQuantity": 100,
            "tDeparture": "2021-12-04 21:00",
            "tArrival": "2021-12-04 23:00"
        }, {
            "tFrom": "Bangkok",
            "tTo": "Jakarta",
            "tPrice": 0.2,
            "tQuantity": 90,
            "tDeparture": "2021-12-04 10:00",
            "tArrival": "2021-12-04 13:40"
        }, {
            "tFrom": "Jakarta",
            "tTo": "Bangkok",
            "tPrice": 0.25,
            "tQuantity": 90,
            "tDeparture": "2021-12-04 18:00",
            "tArrival": "2021-12-04 21:40"
        }, {
            "tFrom": "Bangkok",
            "tTo": "Denpasar",
            "tPrice": 0.8,
            "tQuantity": 120,
            "tDeparture": "2021-12-04 08:00",
            "tArrival": "2021-12-04 13:30"
        }, {
            "tFrom": "Denpasar",
            "tTo": "Bangkok",
            "tPrice": 0.9,
            "tQuantity": 120,
            "tDeparture": "2021-12-04 10:00",
            "tArrival": "2021-12-04 15:30"
        }, {
            "tFrom": "Bangkok",
            "tTo": "Hong Kong",
            "tPrice": 0.3,
            "tQuantity": 150,
            "tDeparture": "2021-12-05 18:00",
            "tArrival": "2021-12-05 21:30"
        }, {
            "tFrom": "Hong Kong",
            "tTo": "Bangkok",
            "tPrice": 0.4,
            "tQuantity": 150,
            "tDeparture": "2021-12-05 12:30",
            "tArrival": "2021-12-05 16:00"
        }, {
            "tFrom": "Bangkok",
            "tTo": "Singapore",
            "tPrice": 0.1,
            "tQuantity": 100,
            "tDeparture": "2021-12-05 17:00",
            "tArrival": "2021-12-05 19:00"
        }, {
            "tFrom": "Singapore",
            "tTo": "Bangkok",
            "tPrice": 0.11,
            "tQuantity": 100,
            "tDeparture": "2021-12-05 21:00",
            "tArrival": "2021-12-05 23:00"
        }, {
            "tFrom": "Bangkok",
            "tTo": "Jakarta",
            "tPrice": 0.2,
            "tQuantity": 90,
            "tDeparture": "2021-12-05 10:00",
            "tArrival": "2021-12-05 13:40"
        }, {
            "tFrom": "Jakarta",
            "tTo": "Bangkok",
            "tPrice": 0.25,
            "tQuantity": 90,
            "tDeparture": "2021-12-05 18:00",
            "tArrival": "2021-12-05 21:40"
        }, {
            "tFrom": "Bangkok",
            "tTo": "Denpasar",
            "tPrice": 0.8,
            "tQuantity": 120,
            "tDeparture": "2021-12-05 08:00",
            "tArrival": "2021-12-05 13:30"
        }, {
            "tFrom": "Denpasar",
            "tTo": "Bangkok",
            "tPrice": 0.9,
            "tQuantity": 120,
            "tDeparture": "2021-12-05 10:00",
            "tArrival": "2021-12-05 15:30"
        }, {
            "tFrom": "Bangkok",
            "tTo": "Hong Kong",
            "tPrice": 0.3,
            "tQuantity": 150,
            "tDeparture": "2021-12-06 18:00",
            "tArrival": "2021-12-06 21:30"
        }, {
            "tFrom": "Hong Kong",
            "tTo": "Bangkok",
            "tPrice": 0.4,
            "tQuantity": 150,
            "tDeparture": "2021-12-06 12:30",
            "tArrival": "2021-12-06 16:00"
        }, {
            "tFrom": "Bangkok",
            "tTo": "Singapore",
            "tPrice": 0.1,
            "tQuantity": 100,
            "tDeparture": "2021-12-06 17:00",
            "tArrival": "2021-12-06 19:00"
        }, {
            "tFrom": "Singapore",
            "tTo": "Bangkok",
            "tPrice": 0.11,
            "tQuantity": 100,
            "tDeparture": "2021-12-06 21:00",
            "tArrival": "2021-12-06 23:00"
        }, {
            "tFrom": "Bangkok",
            "tTo": "Jakarta",
            "tPrice": 0.2,
            "tQuantity": 90,
            "tDeparture": "2021-12-06 10:00",
            "tArrival": "2021-12-06 13:40"
        }, {
            "tFrom": "Jakarta",
            "tTo": "Bangkok",
            "tPrice": 0.25,
            "tQuantity": 90,
            "tDeparture": "2021-12-06 18:00",
            "tArrival": "2021-12-06 21:40"
        }, {
            "tFrom": "Bangkok",
            "tTo": "Denpasar",
            "tPrice": 0.8,
            "tQuantity": 120,
            "tDeparture": "2021-12-06 08:00",
            "tArrival": "2021-12-06 13:30"
        }, {
            "tFrom": "Denpasar",
            "tTo": "Bangkok",
            "tPrice": 0.9,
            "tQuantity": 120,
            "tDeparture": "2021-12-06 10:00",
            "tArrival": "2021-12-06 15:30"
        }, {
            "tFrom": "Bangkok",
            "tTo": "Hong Kong",
            "tPrice": 0.3,
            "tQuantity": 150,
            "tDeparture": "2021-12-07 18:00",
            "tArrival": "2021-12-07 21:30"
        }, {
            "tFrom": "Hong Kong",
            "tTo": "Bangkok",
            "tPrice": 0.4,
            "tQuantity": 150,
            "tDeparture": "2021-12-07 12:30",
            "tArrival": "2021-12-07 16:00"
        }, {
            "tFrom": "Bangkok",
            "tTo": "Singapore",
            "tPrice": 0.1,
            "tQuantity": 100,
            "tDeparture": "2021-12-07 17:00",
            "tArrival": "2021-12-07 19:00"
        }, {
            "tFrom": "Singapore",
            "tTo": "Bangkok",
            "tPrice": 0.11,
            "tQuantity": 100,
            "tDeparture": "2021-12-07 21:00",
            "tArrival": "2021-12-07 23:00"
        }, {
            "tFrom": "Bangkok",
            "tTo": "Jakarta",
            "tPrice": 0.2,
            "tQuantity": 90,
            "tDeparture": "2021-12-07 10:00",
            "tArrival": "2021-12-07 13:40"
        }, {
            "tFrom": "Jakarta",
            "tTo": "Bangkok",
            "tPrice": 0.25,
            "tQuantity": 90,
            "tDeparture": "2021-12-07 18:00",
            "tArrival": "2021-12-07 21:40"
        }, {
            "tFrom": "Bangkok",
            "tTo": "Denpasar",
            "tPrice": 0.8,
            "tQuantity": 120,
            "tDeparture": "2021-12-07 08:00",
            "tArrival": "2021-12-07 13:30"
        }, {
            "tFrom": "Denpasar",
            "tTo": "Bangkok",
            "tPrice": 0.9,
            "tQuantity": 120,
            "tDeparture": "2021-12-07 10:00",
            "tArrival": "2021-12-07 15:30"
        }]
    }, {
        "airline": {
            "aName": "Emirates Airlines",
            "aLogo": "QmcjBJX4sZypPiaxLAAkd9qWVUk5cALdEaUNH1XT6amivM"
        },
        "tickets": [{
            "tFrom": "Dubai",
            "tTo": "Bangkok",
            "tPrice": 0.5,
            "tQuantity": 200,
            "tDeparture": "2021-12-04 09:00",
            "tArrival": "2021-12-04 14:00"
        }, {
            "tFrom": "Bangkok",
            "tTo": "Dubai",
            "tPrice": 0.5,
            "tQuantity": 200,
            "tDeparture": "2021-12-04 18:00",
            "tArrival": "2021-12-04 23:00"
        }, {
            "tFrom": "Dubai",
            "tTo": "Hong Kong",
            "tPrice": 1.1,
            "tQuantity": 120,
            "tDeparture": "2021-12-04 11:00",
            "tArrival": "2021-12-04 17:30"
        }, {
            "tFrom": "Hong Kong",
            "tTo": "Dubai",
            "tPrice": 1.3,
            "tQuantity": 120,
            "tDeparture": "2021-12-04 19:00",
            "tArrival": "2021-12-05 01:30"
        }, {
            "tFrom": "Dubai",
            "tTo": "Singapore",
            "tPrice": 1.5,
            "tQuantity": 120,
            "tDeparture": "2021-12-04 12:00",
            "tArrival": "2021-12-04 18:00"
        }, {
            "tFrom": "Singapore",
            "tTo": "Dubai",
            "tPrice": 1.3,
            "tQuantity": 120,
            "tDeparture": "2021-12-04 23:00",
            "tArrival": "2021-12-05 05:00"
        }, {
            "tFrom": "Dubai",
            "tTo": "Bangkok",
            "tPrice": 0.5,
            "tQuantity": 200,
            "tDeparture": "2021-12-05 09:00",
            "tArrival": "2021-12-05 14:00"
        }, {
            "tFrom": "Bangkok",
            "tTo": "Dubai",
            "tPrice": 0.5,
            "tQuantity": 200,
            "tDeparture": "2021-12-05 18:00",
            "tArrival": "2021-12-05 23:00"
        }, {
            "tFrom": "Dubai",
            "tTo": "Hong Kong",
            "tPrice": 1.1,
            "tQuantity": 120,
            "tDeparture": "2021-12-05 11:00",
            "tArrival": "2021-12-05 17:30"
        }, {
            "tFrom": "Hong Kong",
            "tTo": "Dubai",
            "tPrice": 1.3,
            "tQuantity": 120,
            "tDeparture": "2021-12-05 19:00",
            "tArrival": "2021-12-06 01:30"
        }, {
            "tFrom": "Dubai",
            "tTo": "Singapore",
            "tPrice": 1.5,
            "tQuantity": 120,
            "tDeparture": "2021-12-05 12:00",
            "tArrival": "2021-12-05 18:00"
        }, {
            "tFrom": "Singapore",
            "tTo": "Dubai",
            "tPrice": 1.3,
            "tQuantity": 120,
            "tDeparture": "2021-12-05 23:00",
            "tArrival": "2021-12-06 05:00"
        }, {
            "tFrom": "Dubai",
            "tTo": "Bangkok",
            "tPrice": 0.5,
            "tQuantity": 200,
            "tDeparture": "2021-12-06 09:00",
            "tArrival": "2021-12-06 14:00"
        }, {
            "tFrom": "Bangkok",
            "tTo": "Dubai",
            "tPrice": 0.5,
            "tQuantity": 200,
            "tDeparture": "2021-12-06 18:00",
            "tArrival": "2021-12-06 23:00"
        }, {
            "tFrom": "Dubai",
            "tTo": "Hong Kong",
            "tPrice": 1.1,
            "tQuantity": 120,
            "tDeparture": "2021-12-06 11:00",
            "tArrival": "2021-12-06 17:30"
        }, {
            "tFrom": "Hong Kong",
            "tTo": "Dubai",
            "tPrice": 1.3,
            "tQuantity": 120,
            "tDeparture": "2021-12-06 19:00",
            "tArrival": "2021-12-07 01:30"
        }, {
            "tFrom": "Dubai",
            "tTo": "Singapore",
            "tPrice": 1.5,
            "tQuantity": 120,
            "tDeparture": "2021-12-06 12:00",
            "tArrival": "2021-12-06 18:00"
        }, {
            "tFrom": "Singapore",
            "tTo": "Dubai",
            "tPrice": 1.3,
            "tQuantity": 120,
            "tDeparture": "2021-12-06 23:00",
            "tArrival": "2021-12-07 05:00"
        }, {
            "tFrom": "Dubai",
            "tTo": "Bangkok",
            "tPrice": 0.5,
            "tQuantity": 200,
            "tDeparture": "2021-12-07 09:00",
            "tArrival": "2021-12-07 14:00"
        }, {
            "tFrom": "Bangkok",
            "tTo": "Dubai",
            "tPrice": 0.5,
            "tQuantity": 200,
            "tDeparture": "2021-12-07 18:00",
            "tArrival": "2021-12-07 23:00"
        }, {
            "tFrom": "Dubai",
            "tTo": "Hong Kong",
            "tPrice": 1.5,
            "tQuantity": 120,
            "tDeparture": "2021-12-07 11:00",
            "tArrival": "2021-12-07 17:30"
        }, {
            "tFrom": "Hong Kong",
            "tTo": "Dubai",
            "tPrice": 1.3,
            "tQuantity": 120,
            "tDeparture": "2021-12-07 19:00",
            "tArrival": "2021-12-08 01:30"
        }, {
            "tFrom": "Dubai",
            "tTo": "Singapore",
            "tPrice": 1.5,
            "tQuantity": 120,
            "tDeparture": "2021-12-07 12:00",
            "tArrival": "2021-12-07 18:00"
        }, {
            "tFrom": "Singapore",
            "tTo": "Dubai",
            "tPrice": 1.3,
            "tQuantity": 120,
            "tDeparture": "2021-12-07 23:00",
            "tArrival": "2021-12-08 05:00"
        }]
    }, {
        "airline": {
            "aName": "Singapore Airlines",
            "aLogo": "QmP9AaBWGwKkuvsaivwL7HcevHZ96DoYwZzzX5u5oYLfb9"
        },
        "tickets": [{
            "tFrom": "Singapore",
            "tTo": "Bangkok",
            "tPrice": 0.25,
            "tQuantity": 100,
            "tDeparture": "2021-12-04 19:00",
            "tArrival": "2021-12-04 21:00"
        }, {
            "tFrom": "Bangkok",
            "tTo": "Singapore",
            "tPrice": 0.2,
            "tQuantity": 100,
            "tDeparture": "2021-12-04 23:00",
            "tArrival": "2021-12-05 01:00"
        }, {
            "tFrom": "Singapore",
            "tTo": "Jakarta",
            "tPrice": 0.15,
            "tQuantity": 120,
            "tDeparture": "2021-12-04 18:00",
            "tArrival": "2021-12-04 20:00"
        }, {
            "tFrom": "Jakarta",
            "tTo": "Singapore",
            "tPrice": 0.16,
            "tQuantity": 120,
            "tDeparture": "2021-12-04 07:00",
            "tArrival": "2021-12-04 09:00"
        }, {
            "tFrom": "Singapore",
            "tTo": "Denpasar",
            "tPrice": 0.4,
            "tQuantity": 100,
            "tDeparture": "2021-12-04 19:00",
            "tArrival": "2021-12-04 23:20"
        }, {
            "tFrom": "Denpasar",
            "tTo": "Singapore",
            "tPrice": 0.5,
            "tQuantity": 100,
            "tDeparture": "2021-12-04 12:00",
            "tArrival": "2021-12-04 16:20"
        }, {
            "tFrom": "Singapore",
            "tTo": "Hong Kong",
            "tPrice": 0.4,
            "tQuantity": 80,
            "tDeparture": "2021-12-04 12:30",
            "tArrival": "2021-12-04 16:00"
        }, {
            "tFrom": "Hong Kong",
            "tTo": "Singapore",
            "tPrice": 0.3,
            "tQuantity": 80,
            "tDeparture": "2021-12-04 18:00",
            "tArrival": "2021-12-04 21:30"
        }, {
            "tFrom": "Singapore",
            "tTo": "Tokyo",
            "tPrice": 2.0,
            "tQuantity": 70,
            "tDeparture": "2021-12-04 23:00",
            "tArrival": "2021-12-05 06:00"
        }, {
            "tFrom": "Tokyo",
            "tTo": "Singapore",
            "tPrice": 1.8,
            "tQuantity": 70,
            "tDeparture": "2021-12-04 12:00",
            "tArrival": "2021-12-04 19:00"
        }, {
            "tFrom": "Singapore",
            "tTo": "Bangkok",
            "tPrice": 0.25,
            "tQuantity": 100,
            "tDeparture": "2021-12-05 19:00",
            "tArrival": "2021-12-05 21:00"
        }, {
            "tFrom": "Bangkok",
            "tTo": "Singapore",
            "tPrice": 0.2,
            "tQuantity": 100,
            "tDeparture": "2021-12-05 23:00",
            "tArrival": "2021-12-06 01:00"
        }, {
            "tFrom": "Singapore",
            "tTo": "Jakarta",
            "tPrice": 0.15,
            "tQuantity": 120,
            "tDeparture": "2021-12-05 18:00",
            "tArrival": "2021-12-05 20:00"
        }, {
            "tFrom": "Jakarta",
            "tTo": "Singapore",
            "tPrice": 0.16,
            "tQuantity": 120,
            "tDeparture": "2021-12-05 07:00",
            "tArrival": "2021-12-05 09:00"
        }, {
            "tFrom": "Singapore",
            "tTo": "Denpasar",
            "tPrice": 0.4,
            "tQuantity": 100,
            "tDeparture": "2021-12-05 19:00",
            "tArrival": "2021-12-05 23:20"
        }, {
            "tFrom": "Denpasar",
            "tTo": "Singapore",
            "tPrice": 0.5,
            "tQuantity": 100,
            "tDeparture": "2021-12-05 12:00",
            "tArrival": "2021-12-05 16:20"
        }, {
            "tFrom": "Singapore",
            "tTo": "Hong Kong",
            "tPrice": 0.4,
            "tQuantity": 80,
            "tDeparture": "2021-12-05 12:30",
            "tArrival": "2021-12-05 16:00"
        }, {
            "tFrom": "Hong Kong",
            "tTo": "Singapore",
            "tPrice": 0.3,
            "tQuantity": 80,
            "tDeparture": "2021-12-05 18:00",
            "tArrival": "2021-12-05 21:30"
        }, {
            "tFrom": "Singapore",
            "tTo": "Tokyo",
            "tPrice": 2.0,
            "tQuantity": 70,
            "tDeparture": "2021-12-05 23:00",
            "tArrival": "2021-12-06 06:00"
        }, {
            "tFrom": "Tokyo",
            "tTo": "Singapore",
            "tPrice": 1.8,
            "tQuantity": 70,
            "tDeparture": "2021-12-05 12:00",
            "tArrival": "2021-12-05 19:00"
        }, {
            "tFrom": "Singapore",
            "tTo": "Bangkok",
            "tPrice": 0.25,
            "tQuantity": 100,
            "tDeparture": "2021-12-06 19:00",
            "tArrival": "2021-12-06 21:00"
        }, {
            "tFrom": "Bangkok",
            "tTo": "Singapore",
            "tPrice": 0.2,
            "tQuantity": 100,
            "tDeparture": "2021-12-06 23:00",
            "tArrival": "2021-12-07 01:00"
        }, {
            "tFrom": "Singapore",
            "tTo": "Jakarta",
            "tPrice": 0.15,
            "tQuantity": 120,
            "tDeparture": "2021-12-06 18:00",
            "tArrival": "2021-12-06 20:00"
        }, {
            "tFrom": "Jakarta",
            "tTo": "Singapore",
            "tPrice": 0.16,
            "tQuantity": 120,
            "tDeparture": "2021-12-06 07:00",
            "tArrival": "2021-12-06 09:00"
        }, {
            "tFrom": "Singapore",
            "tTo": "Denpasar",
            "tPrice": 0.4,
            "tQuantity": 100,
            "tDeparture": "2021-12-06 19:00",
            "tArrival": "2021-12-06 23:20"
        }, {
            "tFrom": "Denpasar",
            "tTo": "Singapore",
            "tPrice": 0.5,
            "tQuantity": 100,
            "tDeparture": "2021-12-06 12:00",
            "tArrival": "2021-12-06 16:20"
        }, {
            "tFrom": "Singapore",
            "tTo": "Hong Kong",
            "tPrice": 0.4,
            "tQuantity": 80,
            "tDeparture": "2021-12-06 12:30",
            "tArrival": "2021-12-06 16:00"
        }, {
            "tFrom": "Hong Kong",
            "tTo": "Singapore",
            "tPrice": 0.3,
            "tQuantity": 80,
            "tDeparture": "2021-12-06 18:00",
            "tArrival": "2021-12-06 21:30"
        }, {
            "tFrom": "Singapore",
            "tTo": "Tokyo",
            "tPrice": 2.0,
            "tQuantity": 70,
            "tDeparture": "2021-12-06 23:00",
            "tArrival": "2021-12-07 06:00"
        }, {
            "tFrom": "Tokyo",
            "tTo": "Singapore",
            "tPrice": 1.8,
            "tQuantity": 70,
            "tDeparture": "2021-12-06 12:00",
            "tArrival": "2021-12-06 19:00"
        }, {
            "tFrom": "Singapore",
            "tTo": "Bangkok",
            "tPrice": 0.25,
            "tQuantity": 100,
            "tDeparture": "2021-12-07 19:00",
            "tArrival": "2021-12-07 21:00"
        }, {
            "tFrom": "Bangkok",
            "tTo": "Singapore",
            "tPrice": 0.2,
            "tQuantity": 100,
            "tDeparture": "2021-12-07 23:00",
            "tArrival": "2021-12-08 01:00"
        }, {
            "tFrom": "Singapore",
            "tTo": "Jakarta",
            "tPrice": 0.15,
            "tQuantity": 120,
            "tDeparture": "2021-12-07 18:00",
            "tArrival": "2021-12-07 20:00"
        }, {
            "tFrom": "Jakarta",
            "tTo": "Singapore",
            "tPrice": 0.16,
            "tQuantity": 120,
            "tDeparture": "2021-12-07 07:00",
            "tArrival": "2021-12-07 09:00"
        }, {
            "tFrom": "Singapore",
            "tTo": "Denpasar",
            "tPrice": 0.4,
            "tQuantity": 100,
            "tDeparture": "2021-12-07 19:00",
            "tArrival": "2021-12-07 23:20"
        }, {
            "tFrom": "Denpasar",
            "tTo": "Singapore",
            "tPrice": 0.5,
            "tQuantity": 100,
            "tDeparture": "2021-12-07 12:00",
            "tArrival": "2021-12-07 16:20"
        }, {
            "tFrom": "Singapore",
            "tTo": "Hong Kong",
            "tPrice": 0.4,
            "tQuantity": 80,
            "tDeparture": "2021-12-07 12:30",
            "tArrival": "2021-12-07 16:00"
        }, {
            "tFrom": "Hong Kong",
            "tTo": "Singapore",
            "tPrice": 0.3,
            "tQuantity": 80,
            "tDeparture": "2021-12-07 18:00",
            "tArrival": "2021-12-07 21:30"
        }, {
            "tFrom": "Singapore",
            "tTo": "Tokyo",
            "tPrice": 2.0,
            "tQuantity": 70,
            "tDeparture": "2021-12-07 23:00",
            "tArrival": "2021-12-08 06:00"
        }, {
            "tFrom": "Tokyo",
            "tTo": "Singapore",
            "tPrice": 1.8,
            "tQuantity": 70,
            "tDeparture": "2021-12-07 12:00",
            "tArrival": "2021-12-07 19:00"
        }]
    }, {
        "airline": {
            "aName": "Hainan Airlines"
        },
        "tickets": [{
            "tFrom": "Hong Kong",
            "tTo": "Bangkok",
            "tPrice": 0.2,
            "tQuantity": 200,
            "tDeparture": "2021-12-04 15:00",
            "tArrival": "2021-12-04 18:30"
        }, {
            "tFrom": "Bangkok",
            "tTo": "Hong Kong",
            "tPrice": 0.18,
            "tQuantity": 200,
            "tDeparture": "2021-12-04 20:00",
            "tArrival": "2021-12-04 23:30"
        }, {
            "tFrom": "Hong Kong",
            "tTo": "Singapore",
            "tPrice": 0.15,
            "tQuantity": 160,
            "tDeparture": "2021-12-04 12:00",
            "tArrival": "2021-12-04 15:30"
        }, {
            "tFrom": "Singapore",
            "tTo": "Hong Kong",
            "tPrice": 0.15,
            "tQuantity": 160,
            "tDeparture": "2021-12-04 18:30",
            "tArrival": "2021-12-04 22:00"
        }, {
            "tFrom": "Hong Kong",
            "tTo": "Tokyo",
            "tPrice": 0.8,
            "tQuantity": 120,
            "tDeparture": "2021-12-04 11:00",
            "tArrival": "2021-12-04 15:00"
        }, {
            "tFrom": "Tokyo",
            "tTo": "Hong Kong",
            "tPrice": 0.6,
            "tQuantity": 120,
            "tDeparture": "2021-12-04 07:00",
            "tArrival": "2021-12-04 11:00"
        }, {
            "tFrom": "Hong Kong",
            "tTo": "Bangkok",
            "tPrice": 0.2,
            "tQuantity": 200,
            "tDeparture": "2021-12-05 15:00",
            "tArrival": "2021-12-05 18:30"
        }, {
            "tFrom": "Bangkok",
            "tTo": "Hong Kong",
            "tPrice": 0.18,
            "tQuantity": 200,
            "tDeparture": "2021-12-05 20:00",
            "tArrival": "2021-12-05 23:30"
        }, {
            "tFrom": "Hong Kong",
            "tTo": "Singapore",
            "tPrice": 0.15,
            "tQuantity": 160,
            "tDeparture": "2021-12-05 12:00",
            "tArrival": "2021-12-05 15:30"
        }, {
            "tFrom": "Singapore",
            "tTo": "Hong Kong",
            "tPrice": 0.15,
            "tQuantity": 160,
            "tDeparture": "2021-12-05 18:30",
            "tArrival": "2021-12-05 22:00"
        }, {
            "tFrom": "Hong Kong",
            "tTo": "Tokyo",
            "tPrice": 0.8,
            "tQuantity": 120,
            "tDeparture": "2021-12-05 11:00",
            "tArrival": "2021-12-05 15:00"
        }, {
            "tFrom": "Tokyo",
            "tTo": "Hong Kong",
            "tPrice": 0.6,
            "tQuantity": 120,
            "tDeparture": "2021-12-05 07:00",
            "tArrival": "2021-12-05 11:00"
        }, {
            "tFrom": "Hong Kong",
            "tTo": "Bangkok",
            "tPrice": 0.2,
            "tQuantity": 200,
            "tDeparture": "2021-12-06 15:00",
            "tArrival": "2021-12-06 18:30"
        }, {
            "tFrom": "Bangkok",
            "tTo": "Hong Kong",
            "tPrice": 0.18,
            "tQuantity": 200,
            "tDeparture": "2021-12-06 20:00",
            "tArrival": "2021-12-06 23:30"
        }, {
            "tFrom": "Hong Kong",
            "tTo": "Singapore",
            "tPrice": 0.15,
            "tQuantity": 160,
            "tDeparture": "2021-12-06 12:00",
            "tArrival": "2021-12-06 15:30"
        }, {
            "tFrom": "Singapore",
            "tTo": "Hong Kong",
            "tPrice": 0.15,
            "tQuantity": 160,
            "tDeparture": "2021-12-06 18:30",
            "tArrival": "2021-12-06 22:00"
        }, {
            "tFrom": "Hong Kong",
            "tTo": "Tokyo",
            "tPrice": 0.8,
            "tQuantity": 120,
            "tDeparture": "2021-12-06 11:00",
            "tArrival": "2021-12-06 15:00"
        }, {
            "tFrom": "Tokyo",
            "tTo": "Hong Kong",
            "tPrice": 0.6,
            "tQuantity": 120,
            "tDeparture": "2021-12-06 07:00",
            "tArrival": "2021-12-06 11:00"
        }, {
            "tFrom": "Hong Kong",
            "tTo": "Bangkok",
            "tPrice": 0.2,
            "tQuantity": 200,
            "tDeparture": "2021-12-07 15:00",
            "tArrival": "2021-12-07 18:30"
        }, {
            "tFrom": "Bangkok",
            "tTo": "Hong Kong",
            "tPrice": 0.18,
            "tQuantity": 200,
            "tDeparture": "2021-12-07 20:00",
            "tArrival": "2021-12-07 23:30"
        }, {
            "tFrom": "Hong Kong",
            "tTo": "Singapore",
            "tPrice": 0.15,
            "tQuantity": 160,
            "tDeparture": "2021-12-07 12:00",
            "tArrival": "2021-12-07 15:30"
        }, {
            "tFrom": "Singapore",
            "tTo": "Hong Kong",
            "tPrice": 0.15,
            "tQuantity": 160,
            "tDeparture": "2021-12-07 18:30",
            "tArrival": "2021-12-07 22:00"
        }, {
            "tFrom": "Hong Kong",
            "tTo": "Tokyo",
            "tPrice": 0.8,
            "tQuantity": 120,
            "tDeparture": "2021-12-07 11:00",
            "tArrival": "2021-12-07 15:00"
        }, {
            "tFrom": "Tokyo",
            "tTo": "Hong Kong",
            "tPrice": 0.6,
            "tQuantity": 120,
            "tDeparture": "2021-12-07 07:00",
            "tArrival": "2021-12-07 11:00"
        }]
    }]
}